{"cameraMode":{"drawMode":0,"name":"Shaded","section":"Shading Mode"},"sceneLighting":false,"audioPlay":false,"sceneViewState":{"m_AlwaysRefresh":false,"showFog":true,"showSkybox":false,"showFlares":true,"showImageEffects":true,"showParticleSystems":true,"showVisualEffectGraphs":true,"m_FxEnabled":true},"in2DMode":false,"pivot":{"x":-1.1182478666305543,"y":0.7141001224517822,"z":-3.7937707901000978},"rotation":{"x":-0.08211978524923325,"y":0.8954146504402161,"z":-0.18553058803081513,"w":-0.3963278830051422},"size":1.0428719520568848,"orthographic":false}